OTH-99,公共项目,99,Other
KR-20090001,China Online Shopping Mall,10,AD
CC-20090007,WCP Training,80,CC
KR-20090003,TCC Maintenance,20,AM
KR-20090004,RTRS-Roaming,20,AM
KR-20090005,Roamio,20,AM
KR-20090006,NUMS,20,AM
KR-20090007,IPMP,20,AM
KR-20090008,OWN,20,AM
KR-20090009,Automatic Payment,20,AM
KR-20090010,CDRS,20,AM
KR-20090011,Payment,20,AM
CC-20090008,SKT-CRM-PRM-AM,80,CC
CC-20090009,SKT Collection Process In,80,CC
KR-20090014,TU B2B,10,AD
KR-20090015,Xuguang,20,AM
CC-20090010,BI_Report_II,80,CC
CC-20090011,RNS ADHOC Test Project,80,CC
CN-20090007,yiquan medical school homepage,10,AD
CC-20090012,ideation system(Sample project),80,CC
CC-20090013,Brand management system(Sample project),80,CC
KR-20090020,PIS AD Project-1,10,AD
KR-20080001,SKT Product Management,10,AD
CC-20090001,General Project-Telecom,80,CC
CC-20090002,Development Pool-Telecom,80,CC
KR-20090021,ABAP Pool-AD,10,AD
KR-20090022,SKE EBC Marketing Project,10,AD
KR-20090023,EN-MALL Construction,10,AD
KR-20090024,SKE Enclean Portal OP-AD,10,AD
KR-20090025,MI Project,10,AD
KR-20090026,SK POS OP-AD,10,AD
KR-20090027,EN-MALL Enclean Portal-AD,10,AD
KR-20090028,SKCC Purchase sytem,10,AD
KR-20090029,SKE SHE MIS Project,10,AD
KR-20090030,SKN Network System OP,10,AD
KR-20090031,SK Shipping Renewal Project-AD,10,AD
KR-20090032,ABAP Pool-AM,20,AM
KR-20090033,Cashbag DW Ope,20,AM
KR-20090034,SKE HiOK CoP/KM,20,AM
KR-20090035,SKE HiOK Mail/Organization,20,AM
KR-20090036,SKE HiOK e-Approval,20,AM
KR-20090037,SKCC HiOK,20,AM
KR-20090038,EN-MALL-AM,20,AM
KR-20090039,SK Nxmile System OP,20,AM
KR-20090040,SK POS OP,20,AM
KR-20090042,SKE Enclean Portal OP,20,AM
KR-20090043,SKC Haas On Gong Service-6,20,AM
KR-20090044,SKCC OSP Ope,20,AM
KR-20090045,SKCC EPM Local System OP,20,AM
KR-20090046,SKCC GPM Ope,20,AM
KR-20090047,SKCC MyService/Tioom-08,20,AM
KR-20090048,SKCC MyService/Tioom-09,20,AM
KR-20090049,SKCC Biz Support Ope,20,AM
KR-20090050,SKCC Mgt Support Ope,20,AM
KR-20090051,SKCC HRMS Ope,20,AM
KR-20090052,SKCC Biz. Support Web,20,AM
KR-20090053,SKN-ES MIS Biz Suppor®,20,AM
KR-20090054,SKN(ES) Oil-Biz System OP,20,AM
KR-20090055,SKN-ES MIS Biz Suppor(e),20,AM
KR-20090056,SK Energy MIS Retail/Sales,20,AM
KR-20090057,SK Energy MIS Providers Mgt Upgrade,20,AM
KR-20090058,SK Energy MIS Mgt Support,20,AM
KR-20090059,SKN Network System OP-AM,20,AM
KR-20090060,SKEC MIS OP,20,AM
KR-20090061,SKN 08-IT(retail),20,AM
KR-20090062,SKN 08-Trade,20,AM
CC-20090014,Web(Tbiz) Java Sample Project,10,AD
CC-20090015,ideation .net Sample project,10,AD
KR-20090065,SKT ERP AM,20,AM
KR-20090066,SK Energy ERP Integration And Upgrade,10,AD
KR-20090067,EM CIC ERP Upgrade,20,AM
CC-20090003,General Project-MS,80,CC
CC-20090004,Development Pool-MS,80,CC
KR-20090068,SK Stock System Construction-GDC,10,AD
KR-20090069,Aviation System Construction-1Team,20,AM
CC-20090005,General Project-BS,80,CC
CC-20090006,Development Pool-BS,80,CC
KR-20080002,08-Project,10,AD
CN-20090008,Speedmate China  System Building(HW/SW),50,SI(HW/SW)
CN-20090009,Speedmate China  System Building(AD),60,SI(AD)
CN-20090010,SKE TSP SR Lease,70,SI(AM)
CN-20090011,SKT Cyworld Access HW/SW Delivery,50,SI(HW/SW)
CN-20090012,SKT C-Mall Shopping Mall Building(HW/SW),50,SI(HW/SW)
CN-20090013,SKT C-Mall Shopping Mall Building(AD),60,SI(AD)
CN-20090014,SK Building 26F Construction(SKC),50,SI(HW/SW)
CN-20090015,SK Building 26F Construction(SKE),50,SI(HW/SW)
CN-20090016,SKT JV HW/SW Delivery,50,SI(HW/SW)
CN-20090017,IMS_SKT_JV,40,DC
CN-20090018,IMS_SKT Cyworld,40,DC
CN-20090019,IMS_SKT C-Mall,40,DC
CN-20090020,IMS_SKN Speedmate,40,DC
CN-20090022,RIM Monitoring- SKCC,30,RIM
CN-20090023,SK Building 26F Construction(XJC),50,SI(HW/SW)
CN-20090024,SK Building 26F Construction(CVG),50,SI(HW/SW)
CN-20090025,SK Building 26F Construction(GUOMAO),50,SI(HW/SW)
CN-20090026,SK Building AV Systems Moving And Setting(SKC),50,SI(HW/SW)
CN-20090027,SK Building AV Systems Moving And Setting(SKE),50,SI(HW/SW)
CN-20090028,SK Building AV Systems Moving And Setting(CVG),50,SI(HW/SW)
CN-20090029,SK Building AV Systems Moving And Setting(GUOMAO),50,SI(HW/SW)
CN-20090030,SK Building 39，40F AV system Construction,50,SI(HW/SW)
KR-20090132,Customer Approval E-Sign,20,AM
KR-20090148,SKT-CI＆O-09-2,20,AM
KR-20090134,SK Shipping Renewal Project,10,AD
KR-20090135,SKT Brand Management System AD,10,AD
CN-20090031,SK Building 39，40 F AV System Construction(SKT - KR),50,SI(HW/SW)
CN-20090034,SK Building 25F AV systems Moving＆Setting(SKTC),50,SI(HW/SW)
CN-20090035,SK Building 25F AV Cable Construction(SKCC),50,SI(HW/SW)
CN-20090036,SK Building 23F Construction(SK E＆C),50,SI(HW/SW)
CN-20090037,SK Building 23F Construction(SK Chemical),50,SI(HW/SW)
CN-20090038,SK Building 23F Construction(SK E＆S),50,SI(HW/SW)
CN-20090039,SK Building 24F Construction(SK China),50,SI(HW/SW)
KR-20090075,SK E＆C MIS MA-2,20,AM
KR-20090076,SK E＆C MIS MA-3,20,AM
KR-20090137,Terminal AS System Separation and Improvement,10,AD
KR-20090138,SKT ORDER-09,20,AM
KR-20090139,SKT PRM-09,20,AM
KR-20090140,SKT CDS-09-2,20,AM
KR-20090093,SKT Tworld Improvement and Mall Construction-1,10,AD
KR-20090141,SKT ASP/BP Problem Management System-NEW,10,AD
KR-20090142,SKT-Request-09-2,20,AM
KR-20090143,SKT-MD-09-2,20,AM
KR-20090144,SKT-CDM-09-2,20,AM
KR-20090145,SKT-Nonpayment-09-2,20,AM
KR-20090146,SKT-CTC-09-2,20,AM
KR-20090147,SKT-DBM-09-2,20,AM
KR-20090133,SKCC EBP MA,20,AM
KR-20090149,SK Energy ERP Upgrad,10,AD
CC-20090017,Second Project,80,CC
KR-20090115,SKT-CLI-09-1,20,AM
KR-20090116,SKT-CA-09,20,AM
KR-20090117,ASP/BP II-2,10,AD
KR-20090118,ASP/BP II-3,10,AD
KR-20090119,SKT Tworld Particular mall Construction-2,10,AD
KR-20090120,SKT Tworld Particular mall Construction-3,10,AD
KR-20090114,SKT-CDS-09-1,20,AM
KR-20090124,tester Operation,10,AD
KR-20090113,SKT-CI＆O-09,10,AD
KR-20090121,SKT Tworld Particular mall Construction-4,10,AD
KR-20090112,SKT-DBM-09,20,AM
KR-20090122,SKT Tworld Particular mall Construction-5,10,AD
KR-20090111,SKT-CTC-09,20,AM
KR-20090109,SKT-Nonpayment-09,20,AM
KR-20090123,SI Project(EI),10,AD
KR-20090125,SKT-CDS-09,20,AM
KR-20090126,SI Project-1,10,AD
KR-20090127,SI Project-2,10,AD
KR-20090108,SKT-CDM-09,20,AM
KR-20090128,SKT CIES Speedup-2,10,AD
KR-20090107,SKT-MD-09,20,AM
KR-20090129,SKT PS System construction,10,AD
KR-20090106,SKT-Payment-09,20,AM
KR-20090105,2009 T-world Operation,20,AM
KR-20090130,SKT Tworld Particular mall Construction-6,10,AD
KR-20090102,2009 TCC Operation,20,AM
KR-20090131,2009 QMO Operation,20,AM
KR-20090103,General Handling System Construction,10,AD
KR-20090094,EI interface Structure Improve,10,AD
KR-20090099,SKT EI-Operation 09,20,AM
KR-20090104,SKT Tworld Improvement and Mall construction-7,10,AD
KR-20090092,SKT PS Construction,10,AD
KR-20090091,SKT CIES Speedup-1,10,AD
KR-20090096,ASP/BP II-1,10,AD
KR-20090110,SKN Telecommunication MIS Renewal,10,AD
KR-20090090,SK Telecom PS GW,10,AD
KR-20090089,SKC HAAS Implementation-2-1,20,AM
KR-20090088,SK Shipping AWACS,10,AD
KR-20090087,SKN POS OP,40,DC
KR-20090086,SKN(ES) MIS(c)_EM,20,AM
KR-20090085,SKN(ES) MIS(s)_EM,20,AM
KR-20090084,SKN Network System OP,20,AM
KR-20090083,SK E＆C MIS MA-1,20,AM
KR-20090081,SK HC ERP MA,20,AM
KR-20090080,SK Energy ERP MA,20,AM
KR-20090079,SK Holdings GW-1,20,AM
KR-20090078,SK Energy HiOK e-Approval,40,DC
KR-20090077,SK Energy HiOK Mail/Organization,20,AM
KR-20090074,SK E＆C MIS MA,20,AM
KR-20090073,SKCC ERP/BW MA,20,AM
KR-20090072,SKCC HiSK,20,AM
CC-20090016,SKMS Survey project,80,CC
KR-20090070,TU Media 09 IT Operation,20,AM
GD-20080062,PIS AD Project-2,10,AD
KR-20080061,SKN Telecommunication(Retail),20,AM
KR-20090150,SKT CPP-09,20,AM
CN-20090040,RIM Monitoring-SKCC-2,30,RIM
KR-20081010,AAA,10,AD
KR-20090041,SK Holdings GW-2,20,AM
KR-20081100,SSS,10,AD
KR-20090071,SKT Intranet Information,20,AM
KR-20090082,SKT ERP XX-09,20,AM
KR-20090151,SKT-CLI-09-2,20,AM
KR-20090152,KR-20090020,10,AD
KR-20090153,SKC HAAS Implementation-2-2,20,AM
KR-20090154,SKCC EBP,10,AD
CN-20090041,SKT C-Mall Outsoursing,20,AM
CN-20090042,SKT_JV TSP Outsourcing(AM),20,AM
CN-20090043,SKT_JV TSP Outsourcing(AD),60,SI(AD)
CN-20090044,SKT_JV HW/SW Delivery,50,SI(HW/SW)
KR-20090155,SK TELCOM(PS) GW,10,AD
CC-20090018,General Project- PS,80,CC
CC-20090019,Development Project-Test,80,CC
CC-20090020,Development - Translator,80,CC
CC-20090021,Development Project-QA,80,CC
CN-20090045,SK Building 39，40F AV System Construction HW／SW (S-1,50,SI(HW/SW)
CN-20090046,SK Building 39，40F AV System Construction HW／SW (S-2,50,SI(HW/SW)
CN-20090050,RIM Monitering-SKCC-4,30,RIM
KR-20090228,SK TELECOM number difference,10,AD
KR-20090226,SK TELECOM -M,10,AD
KR-20090221,sk TELECOM finance extension,10,AD
KR-20090225,exploitation,10,AD
KR-20090222,terminal A/S,10,AD
KR-20090219,SK TELECOM T WORLD-09,10,AD
KR-20090214,(0214)SKE SHE MIS Projec,10,AD
KR-20090213,SKN,10,AD
KR-20090181,tester 운용,10,AD
KR-20090180,단말기AS시스템분리및기능개선,10,AD
KR-20090179,SKT-CDS-09,10,AD
KR-20090178,SKT CIES 고도화,10,AD
KR-20090182,SKT EI-Operate-09,10,AD
KR-20090183,SKT-CLI-09,10,AD
KR-20090184,EI interface 구조개선,10,AD
KR-20090187,SKT PS 시스템 구축,10,AD
KR-20090185,SKT ASP/BP 장애모니터링시스템개발,10,AD
KR-20090186,SKT Tworld 전용몰구축,10,AD
KR-20090205,SKC HAAS On-Going Service,20,AM
KR-20090171,NUMS,20,AM
KR-20090162,Roaming,20,AM
KR-20090167,Automatic Payment,20,AM
KR-20090230,(0230)SKT ERP MA,20,AM
KR-20090229,(0229)SKCC ERP/BW MA,20,AM
KR-20090212,(0212)EM CIC,20,AM
KR-20090193,(0193)SK E&amp;C MIS MA,20,AM
KR-20090196,(0196)SK E&amp;C MIS MA,20,AM
KR-20090195,(0195)SK E&amp;C MIS MA,20,AM
CN-20090051,GDC Management Infra OP,20,AM
KR-20090215,(0215)SK Networks Groupware,20,AM
KR-20090224,SKT-back -09,20,AM
KR-20090223,SKT-CTC-09,20,AM
KR-20090227,SKT-CDM-09,20,AM
KR-20090220,SKT CA-09,20,AM
KR-20090218,2009 T-world,20,AM
KR-20090217,patronage information,20,AM
KR-20090216,2009 TCC operation.,20,AM
KR-20090210,(0210)2009 SKEnergy baan MA,20,AM
KR-20090211,(0211)SK Nxmile MA,20,AM
KR-20090200,SK Energy MIS MS. Upgrade OP,20,AM
KR-20090201,SK Energy MIS Retail/Sales Upgrade OP,20,AM
KR-20090194,SK건설-MIS_경영지원-09,20,AM
KR-20090198,SK Energy HiOK Mail/Organization,20,AM
KR-20090192,SKN(ES) MIS(s)_EM2,20,AM
KR-20090191,SKN(ES) MIS(c)_EM2,20,AM
KR-20090190,SKN(ES) MIS(o)_EM2,20,AM
KR-20090209,SKN POS OP,20,AM
KR-20090207,SKCC MIS MA,20,AM
KR-20090206,SKE&amp;S 09 ERP MA,20,AM
KR-20090189,SKCC Biz. Supproting MA,20,AM
KR-20090204,ERP_SKHC-09,20,AM
KR-20090203,ERP_SK에너지-09,20,AM
KR-20090202,SKT ERP MA-09,20,AM
KR-20090199,SK Energy MIS PD. Upgrade OP,20,AM
KR-20090197,SKT 인트라넷 정보관리-09,20,AM
KR-20090157,SK SK Enclean Portal-09-04,20,AM
KR-20090208,SKN 09 MIS_Fashion,20,AM
KR-20090169,2009 QMO operation,20,AM
KR-20090188,NXMile System-09-04,20,AM
KR-20090177,POS Project2009_SKN-3,20,AM
KR-20090172,2009 SKNetworks Security OP,20,AM
KR-20090166,SKT-CI/O-09,20,AM
KR-20090156,SKT CA-09,20,AM
KR-20090176,SK EC MIS MA-3/1,20,AM
KR-20090175,SK EC MIS MA-03 /2,20,AM
KR-20090174,SK EC MIS MA-03 /3,20,AM
KR-20090173,SK EC MIS MA-03,20,AM
KR-20090158,SKT-claim-09,20,AM
CN-20090048,Speedmate(china)-3,20,AM
KR-20090161,SKT-CDM-09,20,AM
KR-20090159,SKT-MD-09,20,AM
KR-20090165,SKT-DBM-09,20,AM
KR-20090164,SKT-CTC-09,20,AM
KR-20090163,SKT-MN-09,20,AM
KR-20090170,2009 TCC Operation,20,AM
KR-20090168,2009 T-world operation,20,AM
KR-20090160,TCC Maintenance,20,AM
CN-20090047,SK Enclean Portal-09-4,20,AM
CN-20090049,RIM Monitering-skcc-3,30,RIM
CC-20090022,General Management - Telecom,80,CC
CC-20090025,EM ART Proposal,80,CC
CC-20090024,Developers pool,80,CC
CC-20090023,HR&amp;MM Management,80,CC
CN-20090052,RIM Monitoring-SKCC-5,30,RIM
CN-20090053,HR System Building (SKE),60,SI(AD)
CN-20090054,HR System Building (SKC),50,SI(HW/SW)
CN-20090055,SK China HRMS,10,AD
CN-20090056,SK Energy China HRMS,10,AD
CN-20090062,RIM Monitoring_SKCC_June,30,RIM
KR-20090231,GDC M.I,10,AD
KR-20090234,SKT online products sales,10,AD
KR-20090248,SKC HAAS Implementation-2,20,AM
KR-20090250,Enclean DW 운영_09_SK에너지,20,AM
KR-20090252,SKN 09 MIS(s)_EM사업관리,20,AM
KR-20090253,SKN 09 MIS(o)_EM사업관리,20,AM
CN-20090059,ITO OIM For SK China,90,OIM
CN-20090060,ITO OIM For SK Energy,90,OIM
CN-20090061,ITO OIM For SK Telecom,90,OIM
CN-20090057,ITS,10,AD
CN-20090063,Building Management System (HW/SW),50,SI(HW/SW)
CN-20090064,Building Mangement System (Service),60,SI(AD)
KR-20090256,SK건설-MIS_경영지원 - 09,20,AM
KR-20090249,SK건설-MIS_사업관리-09,20,AM
KR-20090243,SKT External information function,10,AD
KR-20090282,SKT nonpayment consultation a system,10,AD
CN-20090065,SK Building 23F TFT Construction,50,SI(HW/SW)
CN-20090066,RIM Monitoring - SKCC-July,30,RIM
KR-20090397,FWK 및 자동화 도구 개발 및 개선(단위테스트 자동화도구 개발),20,AM
KR-20090268,(268)SK에너지 MIS 경영지원 개선,20,AM
KR-20090266,SK 엔크린 포탈-09,20,AM
KR-20090244,SK Gas 09-MIS_ Retail / Sales / Logistics Manageme,20,AM
KR-20090260,09-SK Energy security control operations,20,AM
KR-20090261,09-Security control operations,20,AM
KR-20090259,09-Security control   operations,20,AM
KR-20090257,2009년 보안관제 운영,20,AM
KR-20090263,SK Telesys IT,20,AM
KR-20090317,CPinformation utilization,10,AD
KR-20090315,WIBRO  business computer development,10,AD
KR-20090328,SKT Msubmit a bill improvement reissue incarnation,10,AD
KR-20090309,nonpartisanship business a monitor system building,10,AD
KR-20090338,SKT patronage information application  strengthe,10,AD
KR-20090360,SKT U.key structureadvanced,10,AD
KR-20090318,lessor and lessee official a process improvement,10,AD
KR-20090342,SKT Ukey relief altitude Appl. power improvement,10,AD
KR-20090311,CSpar and ventilation a government official,10,AD
CN-20090067,SK Building 23F Construction(SK GAS),50,SI(HW/SW)
KR-20090371,SKT Real-time IP Mediation Improvements,10,AD
KR-20090331,SKT roming and usury construction,10,AD
KR-20090359,SKT F fare  development,10,AD
KR-20090334,SKT nonpayment monitor usury altitude development,10,AD
KR-20090271,SKB Easy chrous lite,10,AD
KR-20090336,SKT nonpayment consultation channel altitude,10,AD
KR-20090333,SKT Account service officialdom  systematic  build,10,AD
KR-20090335,SKTtermination bond aerated water process ealizati,10,AD
KR-20090337,SkT nonpayment counsel system altitude,10,AD
KR-20090355,SKT taxpayer/bond officialdom process building,10,AD
KR-20090310,SKTnumber rambling  a process,10,AD
KR-20090330,on-line commonness joining wire commoditiesdevelo,10,AD
KR-20090369,SKT Sales material management system Development,10,AD
KR-20090233,Custom COC POS station to improve,10,AD
KR-20090391,SKN 정보통신유통사업부문 영업시스템 재구축 2차,20,AM
CN-20090068,SKT China SSO,60,SI(AD)
KR-20090394,(394)SK건설-MIS_인사_09,20,AM
KR-20090383,SKLMS-09,20,AM
KR-20090258,SK energy security environmental health operat,20,AM
KR-20090264,(0264)SK 엔크린 포탈-09,20,AM
KR-20090270,(270)POS프로젝트2009_SKN,20,AM
KR-20090288,SK건설-MIS__사업관리-09,20,AM
KR-20090289,(289)SK건설-MIS_경영지원-09,20,AM
KR-20090303,화물정보망 기능 고도화,10,AD
KR-20090304,화물정보망_기능 고도화,10,AD
KR-20090344,SK에너지 울산CLX 생산 AM(2009),20,AM
KR-20090350,Enclean DW 운영_09__SK에너지,20,AM
KR-20090374,(374)SKCC MIS 경영지원 운영_2009,20,AM
KR-20090381,SK Telesys IT 유지보수(2009)-2,20,AM
KR-20090382,SKCC ERP/BW 운영_2009,20,AM
CN-20090069,RIM Monitoring-SKCC-August,30,RIM
CN-20090070,SK Tower Contract Management System,60,SI(AD)
CN-20090071,SK China SK Tower Cabling,70,SI(AM)
CN-20090072,SKT Joy Nav Nexcore Delivery,50,SI(HW/SW)
KR-20090377,SKC HASS ONGOING SERVICE,20,AM
KR-20090241,WIBRO Operation development,10,AD
KR-20090265,SKEC Groupware,20,AM
KR-20090272,channel connection analysis system.,10,AD
KR-20090276,SKT Ukey structure optimization,10,AD
KR-20090277,a processincarnation,10,AD
KR-20090283,recommendation technical promotion,10,AD
KR-20090294,Recommendation skill improvement,10,AD
KR-20090320,SKT channel connection data  integration a system,10,AD
KR-20090321,SKT Ukey customer  consultation module skill.,10,AD
KR-20090327,WIBRO business computation   development,10,AD
KR-20090332,SKT channel connection data integration analysisys,10,AD
KR-20090343,SKTchannel connection data unification systematic,10,AD
KR-20090345,SKT Ukey customer  consultation module amelioratio,10,AD
KR-20090352,SKT Timage customer center  altitude,10,AD
KR-20090361,SKTnonpayment consultation channel altitude,10,AD
KR-20090363,SKT Timage customer center altitude,10,AD
KR-20090365,SKT plans enhanced referrals feature,10,AD
KR-20090376,SK네트웍 LPG 매입프로세스 구축,20,AM
KR-20090387,SKT M Customer Center,10,AD
KR-20090398,S-MOVILION 부품유통 고도화,20,AM
KR-20090375,(375)SKCC 사업지원 시스템 운영 09,20,AM
KR-20090389,ALMS,10,AD
KR-20090403,SKE S 09-MIS,20,AM
CN-20090074,RIM Monitoring-SKCC-September,30,RIM
KR-20090262,09-Security control  operations,20,AM
KR-20090269,SKN 09 MIS_EM사업관리(원격진단),20,AM
KR-20090293,SKT Deployment IP Mediation Function improvement,10,AD
KR-20090302,에스케이텔레콤 SK Talent Portal 구축,10,AD
KR-20090312,SK에너지 MIS 물류관리 개선,20,AM
KR-20090313,SK에너지 MIS 경영지원  개선,20,AM
KR-20090314,에스케이텔레콤 SK Talent Portal   구축,10,AD
KR-20090322,SK홀딩스 MIS 개선,20,AM
KR-20090384,(384)SKN 09 MIS(s)_EM사업관리,20,AM
KR-20090385,(385)SKN 09 MIS(c)_EM사업관리,20,AM
KR-20090386,(386)SKN 09 MIS(o)_EM사업관리,20,AM
KR-20090392,(392)SKT 인트라넷 정보관리-09,20,AM
KR-20090395,(395)SK건설-MIS_사업관리-09,20,AM
KR-20090396,(396)SK건설-MIS_경영지원-09,20,AM
KR-20090399,운영 관리,20,AM
KR-20090254,SKN 09 MIS_무역(수출입),20,AM
KR-20090298,SK 엔크린  포탈-09,20,AM
KR-20090346,SK에너지 인천 CLX PI Upgrade 개발,10,AD
KR-20090405,(405)SKLMS-09,20,AM
CN-20090076,m-Payment service,20,AM
CN-20090077,Homnetwork - POS,50,SI(HW/SW)
CN-20090075,Woori Bank system upgrade delivery,50,SI(HW/SW)
CN-20090078,SKN 심양 IC카드,60,SI(AD)
CN-20090079,RIM Monitoring-SKCC-October,30,RIM
CN-20090080,SK Tower UPS Cabling,70,SI(AM)
CN-20090081,Woori Bank IBM server delivery,50,SI(HW/SW)
CN-20090082,CJ CGV (Wu Han) Service,70,SI(AM)
CN-20090083,CJ CGV (Wu Han) HW/SW delivery,50,SI(HW/SW)
KR-20090232,G-Project-유통망POS구축,10,AD
KR-20090287,PPS  activity a charge development,10,AD
KR-20090357,SK Energy HiOK   Mail/Organization,20,AM
KR-20090367,SKT PPSactivity  NEW(3)building,10,AD
KR-20090372,Building a new plan for the activation SKT PPS,10,AD
KR-20090388,(388)POS프로젝트2009_SKN,20,AM
KR-20090401,(401)SK에너지 소매/영업 개선,20,AM
KR-20090402,/물류/생산/사업관리,20,AM
KR-20090404,SK에너지 울산CLX  생산 AM(2009),20,AM
KR-20090240,Sales strategy implementation/management,10,AD
KR-20090275,Account service manager a system development,10,AD
KR-20090285,Mobile Ukey enlarged adaptation,10,AD
KR-20090295,Mobile Ukey extension adaptation,10,AD
KR-20090319,selling policy execution/officialdom altitude,10,AD
KR-20090347,SKT Account service officialdom  system  building,10,AD
KR-20090354,SKT ALMS,10,AD
KR-20090373,SKT use customer information to process developmen,10,AD
KR-20090393,(393)SK건설-MIS_토건사업관리-09,20,AM
KR-20090407,SK에너지 울산CLX 생산  AM(2009),20,AM
KR-20090351,RS 기능개선,10,AD
KR-20090353,SKTnonpayment consultation  channel altitude,10,AD
KR-20090400,SKTelecom 관리회계 시스템 고도화,20,AM
KR-20090411,SK에너지 인천CLX AM-운영 09,20,AM
KR-20090274,SKT customer information development,10,AD
KR-20090286,Wibro sales development,10,AD
KR-20090364,SKT customer information process  strengthening,10,AD
KR-20090415,SK에너지 MIS 경영지원 개선,20,AM
CN-20090073,Hyundai Heavy Industry Sales Management System (,60,SI(AD)
KR-20090426,(426)SKCC MIS 경영지원 운영_2009,20,AM
KR-20090406,SK에너지 MIS 경영지원_개선,20,AM
KR-20090408,(408)SK홀딩스 MIS 개선,20,AM
KR-20090412,SK에너지 MIS 소매/영업 개선,20,AM
KR-20090413,SK ES 09-MIS_인사,20,AM
KR-20090414,SK에너지 MIS 소매/영업_개선,20,AM
KR-20090416,SK에너지 MIS경영지원_개선,20,AM
KR-20090417,SK홀딩스 MIS개선,20,AM
KR-20090418,SK에너지 MIS 물류관리_개선,20,AM
KR-20090420,(420)SK Telesys IT 유지보수(2009)-2,20,AM
KR-20090423,(423)SKCC ERP/BW 운영_2009,20,AM
KR-20090427,(427)SKT 인트라넷 정보관리-0,20,AM
KR-20090428,SKN 09 MIS(s)EM사업관리,20,AM
KR-20090429,SKN 09 MIS(o)EM사업관리,20,AM
KR-20090430,SKN 09 MIS(c)_EM사업관리,20,AM
KR-20090433,도시가스 GIS 통합 Upgrade 프로젝트,20,AM
KR-20090435,SKES 09-MIS_영업/물류/생산/사업관리,20,AM
KR-20090436,Cashbag DW 운영_09_SKMC,20,AM
KR-20090438,SK가스㈜ TAS 유지보수,20,AM
KR-20090440,SK에너지 인천CLX 변경관리시스템 구축,20,AM
KR-20090441,SKN 09 MIS(s) EM사업관리,20,AM
KR-20090448,SK에너지 인천CLX TAPS 기능 개선,20,AM
KR-20090419,(419)SKCC 사업지원 시스템 운영 09,20,AM
KR-20090439,(439)SK에너지 울산CLX 생산 AM(2009),20,AM
KR-20090457,FWK 및 자동화 도구 개발 및 개선,10,AD
CN-20090084,RIM Monitoring_SKCC_November,30,RIM
KR-20090237,SKT 실시간 IP Mediation 기능개선,10,AD
KR-20090279,SKT 로밍빌링고도화,10,AD
KR-20090305,SKT 직무지식 평가시스템 고도화,10,AD
KR-20090323,PPS 2단계 기능개발,10,AD
KR-20090340,SKT DB countersign building  project,10,AD
KR-20090326,SKT CIA 프로세스 개선,10,AD
CN-20090058,SK Building Lease management system,60,SI(AD)
KR-20090445,SK건설-MIS_토건사업관리-09,20,AM
CN-20090085,GSC HW/SW Delivery,50,SI(HW/SW)
CN-20090086,SSO HW/SW Delivery,50,SI(HW/SW)
CN-20090087,RIM Monitoring_SKCC_December,30,RIM
CN-20090088,Service for SKCC,70,SI(AM)
KR-20090236,티유미디어 09년IT운영,10,AD
KR-20090284,SKT U.key 구조 고도화,10,AD
KR-20090432,SKN 09 MIS_무역 (수출입),20,AM
KR-20090437,SK에너지 윤활유 eMSDS 구축,10,AD
KR-20090442,SK건설-MIS_ 사업관리-09,20,AM
KR-20090443,SK건설-MIS_경영지원 -09,20,AM
KR-20090444,SK건설-MIS_구매관리-09,20,AM
KR-20090451,SK에너지 안전환경보건운영-09,20,AM
KR-20090453,SK에너지 인천CLX 건강정보관리 개발,10,AD
KR-20090455,SK에너지 MIS 소매/영업  개선,20,AM
KR-20090458,SKT-PS2-09,20,AM
KR-20090459,SKT-PS1-09,20,AM
KR-20090291,SKT웹고객정보보호개선,10,AD
KR-20090329,SKT T-Login부가단말 결합할부판매 기능개발,10,AD
KR-20090356,SKT F요금제 개발,10,AD
KR-20090431,SKES 09-MIS_영업/물류/ 생산/사업관리,20,AM
KR-20090452,SK에너지 PCAS 재개발,10,AD
KR-20090421,(421)SKES 09 ERP 운영 관리,20,AM
KR-20090446,SK해운 09 MIS_영업,20,AM
KR-20090447,SK해운 09 MIS_사업관리,20,AM
KR-20090378,(378)SKT ERP 운영-09,20,AM
KR-20090425,(425)SKT ERP 운영-09,20,AM
KR-20090434,SK가스 09-MIS_소매/영업/물류관리,20,AM
KR-20090339,명의도용 및 미성년자 가입불만 개선,10,AD
KR-20090368,SKT 자동납부/수납 프로세스 개선,10,AD
KR-20090379,(379)ERP_SK에너지-09,20,AM
KR-20090380,(380)ERP_SKHC-09,20,AM
KR-20090409,ERP_ SK에너지-09,20,AM
KR-20090450,SK Energy HiOK Mail/ Organization,20,AM
KR-20090454,SKN 09 MIS_정보통신(도매),20,AM
KR-20090251,POS프로젝트2009_SKN,20,AM
KR-20090290,(290)Enclean DW 운영_09_SK에너지,20,AM
KR-20090424,(424)ERP_SK에너지-09,20,AM
KR-20090460,윤활유자동창고 삼우화학(삼경물산)재고관리시스템 구축,10,AD
KR-20090462,SK가스 09-MIS_인사/구매/재무/경영지원,20,AM
KR-20090467,SK건설-MIS_사업관리- 09,20,AM
KR-20090255,SKN 09 MIS_네트워크(전용회선),20,AM
KR-20090461,SK에너지 MIS 소매/영업개선,20,AM
KR-20090422,(422)ERP_SKHC-09,20,AM
CN-20100001,ITO OIM For XJC,90,OIM
CN-20100002,ITO OIM For CVG,90,OIM
CN-20100003,RIM Monitoring For SKCC_2010.01,30,RIM
CN-20100005,IMS_SKT Viatech,40,DC
CN-20100006,RIM Monitoring SKCC_2010.2,30,RIM
KR-20100001,TBD,10,AD
KR-20100008,SKCC MIS 시스템 운영 10,20,AM
CN-20100007,북경현대프로젝트,10,AD
KR-20100003,ERP-운영,20,AM
KR-20100005,SKL-사업지원-10,20,AM
KR-20100020,SKT 기기변경 수수료제도 변경에 따른 시스템 개발,20,AM
KR-20100016,SOC 관리시스템 개선,10,AD
CN-20100008,RIM Monitoring_SKCC_2010.03,30,RIM
CN-20100009,SK Tower 30F Service_CVG,20,AM
CN-20100004,GSC,20,AM
KR-20100006,POS프로젝트2010_SKN MA,20,AM
KR-20100007,POS프로젝트2010_자영주유소MA,20,AM
KR-20100009,ERP_SK에너지-10,20,AM
KR-20100010,ERP_SKES-10,20,AM
KR-20100011,ERP_SKHC-10,20,AM
KR-20100012,ERP_SKC-10,20,AM
KR-20100013,ERP_SKT-10,20,AM
KR-20100014,SKE-SKLMS,20,AM
KR-20100015,SKMC-MXMILE-10,20,AM
KR-20100017,SKT 국세청 전자세금계산서 제도개선,20,AM
KR-20100019,ICMS,20,AM
KR-20100022,CHR,20,AM
KR-20100024,CIMS,20,AM
KR-20100025,SKN 패션,20,AM
KR-20100026,Industry솔루션운영-기술지원-TCC,20,AM
KR-20100027,ITBS,20,AM
KR-20100032,SKT-PS2운영-10PS2,20,AM
KR-20100033,Ukey 2.0 Planning Project,10,AD
KR-20100034,SKT RA 개발-10,10,AD
KR-20100035,SKT TCS 개발-10,10,AD
KR-20100036,SKT ERP 개발-10,10,AD
KR-20100037,SK건설 전자결재 시스템 재구축,10,AD
KR-20100038,SKT 재판매 시스템 구축 프로젝트,10,AD
KR-20100039,CP정산 시스템 구조변경,10,AD
KR-20100040,SKE-경영지원-10,20,AM
KR-20100041,SKHC-경영지원-10,20,AM
KR-20100042,SKE-EncleanDW-10,20,AM
KR-20100043,SKN-전사지원무역-10,20,AM
KR-20100044,SKEC-경영지원-10,20,AM
KR-20100045,SKEC-토건사업관리-10,20,AM
KR-20100046,SKEC-플랜트사업관리-10,20,AM
KR-20100047,SKE-물류관리-10,20,AM
CN-20100010,Qianxun PDU Cable Delivery,40,DC
CN-20100014,상해화학CIC_爱思开能源国际贸易（上海）有限公司,90,OIM
CN-20100011,RIM Monitoring For SKCC_2010.04,30,RIM
CN-20100012,상해화학CIC_爱思开能源投资（中国）有限公司,90,OIM
CN-20100013,상해화학CIC_韩国SK能源株式会社上海代表处,90,OIM
CN-20100016,SK ES 27层 设备供货,50,SI(HW/SW)
CN-20100017,SK ES 27层 工程服务,20,AM
CN-20100015,RIM Monitoring For SKCC_2010.05,30,RIM
KR-20100048,ERP_SK에너지 -10,20,AM
KR-20100049,SKE-EncleanDW -10,20,AM
KR-20100052,SKE--SKLMS,20,AM
KR-20100054,SKE-경영지원--10,20,AM
KR-20100055,SKE-경영지원-- 10,20,AM
KR-20100057,SKN EM_Retail_10,20,AM
KR-20100059,SKN EM_Speedmate_10,20,AM
KR-20100061,SKN-정보통신-10,20,AM
KR-20100062,SKN-전사지원무역--10,20,AM
KR-20100063,SKEC-경영지원- 10,20,AM
KR-20100064,SKEC-토건사업관리- 10,20,AM
KR-20100065,SKEC-플랜트사업관리- 10,20,AM
KR-20100066,SKE-물류관리- 10,20,AM
KR-20100067,SKN-패션-10,20,AM
KR-20100068,ERP_SKT- 10,20,AM
KR-20100069,ERP_SKHC- 10,20,AM
KR-20100070,ERP_SKES- 10,20,AM
KR-20100071,ERP_SKC- 10,20,AM
KR-20100072,ERP_SK에너지- 10,20,AM
KR-20100075,SKE-경영지원- 10,20,AM
CC-20100004,General Cost_Telecom Biz Team,80,CC
CC-20100005,General Cost_Foreign Biz Team,80,CC
CC-20100006,General Cost_Finance Biz Team,80,CC
CC-20100007,General Cost_SK China Team_SK China,80,CC
CC-20100008,General Cost_SK China Team_RIM,80,CC
CC-20100009,General Cost_SK China Team-DC,80,CC
CC-20100010,General Cost_SK China Team-OIM,80,CC
CC-20100011,General Cost_Enterprise Solution Team,80,CC
CC-20100012,General Cost_Korea Biz Team,80,CC
CC-20100013,General Cost_Develop Pool Team,80,CC
CC-20100014,IBK_General Cost,80,CC
CC-20100015,Shenzhen ITS_General Cost,80,CC
CC-20100016,Huawei_M-Payment_General Cost,80,CC
CC-20100017,Huawei_Managed SVC_General Cost,80,CC
CC-20100018,Huawei_Vietnam Mobiphone_General Cost,80,CC
CC-20100019,U120_General Cost,80,CC
CC-20100020,Guang Xi_General Cost,80,CC
CC-20100021,CJ CGV_General Cost,80,CC
CN-20100018,GSC System Building in China,60,SI(AD)
KR-20100078,Industry솔루션운영-기술지원 -TCC,20,AM
KR-20100079,SKE-물류관 리-10,20,AM
KR-20100074,SKCC MIS 시스템운영 10,20,AM
KR-20100077,M 청구서 기능개선,10,AD
KR-20100080,SK텔레콤 INTRANET 운영,10,AD
KR-20100081,SK 에너지 품질업무시스템,10,AD
KR-20100082,SK Networks One Card 확산 프로젝트,10,AD
KR-20100084,MIS개발-10-2Q,10,AD
KR-20100083,MIS개발-10-2Q 프로젝트,10,AD
KR-20100091,SKN Speedmate 부품통합 구축,10,AD
KR-20100094,정보이용료 한도관리 기능개선,10,AD
KR-20100097,U.Key 2.0 구축 1단계,10,AD
KR-20100098,U.KEY 2.0 구축1단계,10,AD
KR-20100099,에스케이텔레콤 청구서 개발 및 관리프로세스 개선,10,AD
CN-20100024,RIM Monitoring_SKCC_2010.06,30,RIM
CN-20100022,SK China Portal Cabling,90,OIM
KR-20100073,SKMC-MXMILE- 10,20,AM
CN-20100021,SK China Conference Cabling,90,OIM
CN-20100023,SK China OA Delivery,90,OIM
KR-20100085,POS프로젝트2010_SKN  MA,20,AM
KR-20100087,SKT-PS2운영- 10,20,AM
KR-20100089,POS프로젝트2010_자영주 유소MA,10,AD
KR-20100090,건설 환관리시스템  구축,10,AD
KR-20100095,SKC 외화펌뱅 킹,10,AD
KR-20100100,SKMC F/S,10,AD
KR-20100103,SKHC-경영지원- 10,20,AM
KR-20100107,OPMD Eco-system  구축,10,AD
KR-20100111,판매점 Portal  구축,10,AD
KR-20100113,SKE LIBS사업 MES-Interface  구축,10,AD
CC-20100026,Pitech_General Cost,80,CC
CC-20100022,STX_General Cost,80,CC
CC-20100023,Navigation_General Cost,80,CC
CN-20100020,SH Chemical CIC (Highway Office Building),70,SI(AM)
CN-20100025,SK Energy China OA Delivery,90,OIM
CN-20100026,CVG OA Delivery,90,OIM
CC-20100025,City Bank_General Bank,80,CC
KR-20100101,SKCC MIS 시스템  운영 10,20,AM
KR-20100109,U.Key 2.0  구축 1단계,10,AD
KR-20100104,MIS개발-10-2Q  프로젝트,10,AD
KR-20100108,에스케이텔레콤 U.key 영업 조직 분리에 따른 일비용/월정산,10,AD
KR-20100110,미납채널경량화,10,AD
KR-20100088,Application품질관리 체계 강화 프로젝트,10,AD
CN-20100028,심천 e-Eye포탈구축,10,AD
CN-20100029,RIM Monitoring_skcc-201007~201012,30,RIM
CC-20100027,General Cost_事业1本部长,80,CC
CC-20100028,General Cost_事业2本部长,80,CC
CC-20100029,SKN 丹东物流中心设立,80,CC
CC-20100030,SKE 天津润滑油工厂自动化系统,80,CC
CN-20100034,SK china HR 프로젝트,10,AD
CN-20100032,Beijing CJ Delivery,50,SI(HW/SW)
CN-20100035,GSC System Automation,20,AM
CN-20100027,SK China Video CDN Service,40,DC
CN-20100036,Tianjin CJ Delivery,50,SI(HW/SW)
CN-20100030,GSC 运营-2010,10,AD
KR-20100093,OPMD Eco-system 구축,10,AD
KR-20100130,SKN-정보통신-10,10,AD
KR-20100117,SKE- SKLMS,20,AM
KR-20100119,SKMC-MXMILE - 10,20,AM
KR-20100135,SKN  EM_Retail_10,20,AM
KR-20100133,SKN EM_Oil_10,20,AM
KR-20100120,Industry솔루션운영-기술 지원-TCC,20,AM
KR-20100143,SKE-경영 지원-10,20,AM
KR-20100125,SKE-경영 지 원-10,20,AM
KR-20100127,SKE-물류 관리-10,20,AM
KR-20100132,SKHC-경영지 원-10,20,AM
KR-20100121,SKN-전사지원 무역-10,20,AM
KR-20100138,SKT-PS3 운영-2010,20,AM
KR-20100140,U.KEY 2.0 구축 2단계,20,AM
KR-20100139,OPMD Eco-system 구축,20,AM
KR-20100126,SKE-물 류관리-10,20,AM
KR-20100116,SKE-EncleanDW  -10,20,AM
KR-20100092,OPMD Eco-system 구 축,10,AD
KR-20100136,SK텔레콤 Intranet운영,20,AM
CN-20100039,SK China IT Security,50,SI(HW/SW)
CC-20100032,SK China group portal buildingoperating,80,CC
CC-20100031,Cheng Du TF_General Cost,80,CC
CN-20100040,GSC 자동화시스템구축,10,AD
KR-20100141,SK케미칼 e-총무 시스템 구축,20,AM
KR-20100142,SKN EM_ Speedmate_10,20,AM
KR-20100144,U.KEY 2.0 구축 2단계,10,AD
KR-20100145,POS 업무처리 개선,10,AD
KR-20100146,유통망관리체계 확립,10,AD
KR-20100147,SKT 재판매 시스템 고도화 사업,10,AD
KR-20100148,SK 텔레콤,10,AD
CN-20100037,Beijing CJ Service,70,SI(AM)
CN-20100038,Tianjin CJ Service,70,SI(AM)
CN-20100042,SKT China Office Service,20,AM
CN-20100019,SK Tower 39F Reception Room Conference Call,90,OIM
KR-20100106,POS프로 젝트2010_SKN  MA,20,AM
CN-20100043,SK Tower 26F 2nd Network Service,20,AM
CN-20100044,SK Tower 30 35F 2nd Network Service,20,AM
KR-20100122,SKEC- 경영지원-10,20,AM
KR-20100123,SKEC-토건사업관리-10,10,AD
KR-20100124,SKEC-플랜트사업관리-10,10,AD
KR-20100155,U.KEY 2.0 구축 2단계,10,AD
KR-20100156,Industry솔루션운영- 기술지원-TCC,20,AM
KR-20100157,단말기재고관리 고도화,10,AD
CC-20100037,Jinma Apartment IT Delivery,80,CC
KR-20100112,SKT Click e-HR 고도화,10,AD
KR-20100149,MiUT 상담 기능 개선,10,AD
KR-20100150,SKE- 경영 지 원-10,20,AM
KR-20100151,SKL- 사업지원-10,20,AM
KR-20100152,SKE- 소매영업-10,20,AM
KR-20100153,SKE- 물류관리-10,20,AM
KR-20100171,U.KEY 2.0 구축 2단계,10,AD
KR-20100173,POS 업무처리 개선,20,AM
KR-20100179,유통망관리체계 확립,20,AM
CC-20100038,Helpdesk  General Cost,80,CC
CC-20100039,CHR General Cost,80,CC
CC-20100035,한웰 중국법인(다이소) 통합 ERP 구축 사업,80,CC
CN-20100047,CN-20100047,20,AM
CN-20100045,SKN 沈阳-北京 专用线增设,20,AM